"component","origin","license","copyright"
"github.com/DataDog/pathrunner","https://github.com/DataDog/pathrunner","['Apache-2.0']","['Datadog, Inc.']"
"github.com/atotto/clipboard","https://github.com/atotto/clipboard","['BSD-3-Clause']","['Ato Araki', 'atotto']"
"github.com/aws/aws-sdk-go-v2","https://github.com/aws/aws-sdk-go-v2","['Apache-2.0']","['Amazon.com, Inc. or its affiliates', 'Stripe, Inc.', 'The Go Authors']"
"github.com/aws/aws-sdk-go-v2/aws/protocol/eventstream","https://github.com/aws/aws-sdk-go-v2","['Apache-2.0']","['Amazon.com, Inc. or its affiliates', 'Stripe, Inc.']"
"github.com/aws/aws-sdk-go-v2/config","https://github.com/aws/aws-sdk-go-v2","['Apache-2.0']","['Amazon.com, Inc. or its affiliates', 'Stripe, Inc.']"
"github.com/aws/aws-sdk-go-v2/credentials","https://github.com/aws/aws-sdk-go-v2","['Apache-2.0']","['Amazon.com, Inc. or its affiliates', 'Stripe, Inc.']"
"github.com/aws/aws-sdk-go-v2/feature/ec2/imds","https://github.com/aws/aws-sdk-go-v2","['Apache-2.0']","['Amazon.com, Inc. or its affiliates', 'Stripe, Inc.']"
"github.com/aws/aws-sdk-go-v2/internal/configsources","https://github.com/aws/aws-sdk-go-v2","['Apache-2.0']","['Amazon.com, Inc. or its affiliates', 'Stripe, Inc.']"
"github.com/aws/aws-sdk-go-v2/internal/endpoints/v2","https://github.com/aws/aws-sdk-go-v2","['Apache-2.0']","['Amazon.com, Inc. or its affiliates', 'Stripe, Inc.']"
"github.com/aws/aws-sdk-go-v2/internal/v4a","https://github.com/aws/aws-sdk-go-v2","['Apache-2.0']","['Amazon.com, Inc. or its affiliates', 'Stripe, Inc.']"
"github.com/aws/aws-sdk-go-v2/service/apprunner","https://github.com/aws/aws-sdk-go-v2","['Apache-2.0']","['Amazon.com, Inc. or its affiliates', 'Stripe, Inc.']"
"github.com/aws/aws-sdk-go-v2/service/autoscaling","https://github.com/aws/aws-sdk-go-v2","['Apache-2.0']","['Amazon.com, Inc. or its affiliates', 'Stripe, Inc.']"
"github.com/aws/aws-sdk-go-v2/service/batch","https://github.com/aws/aws-sdk-go-v2","['Apache-2.0']","['Amazon.com, Inc. or its affiliates', 'Stripe, Inc.']"
"github.com/aws/aws-sdk-go-v2/service/bedrockagentcore","https://github.com/aws/aws-sdk-go-v2","['Apache-2.0']","['Amazon.com, Inc. or its affiliates', 'Stripe, Inc.']"
"github.com/aws/aws-sdk-go-v2/service/bedrockagentcorecontrol","https://github.com/aws/aws-sdk-go-v2","['Apache-2.0']","['Amazon.com, Inc. or its affiliates', 'Stripe, Inc.']"
"github.com/aws/aws-sdk-go-v2/service/braket","https://github.com/aws/aws-sdk-go-v2","['Apache-2.0']","['Amazon.com, Inc. or its affiliates', 'Stripe, Inc.']"
"github.com/aws/aws-sdk-go-v2/service/cloudformation","https://github.com/aws/aws-sdk-go-v2","['Apache-2.0']","['Amazon.com, Inc. or its affiliates', 'Stripe, Inc.']"
"github.com/aws/aws-sdk-go-v2/service/codebuild","https://github.com/aws/aws-sdk-go-v2","['Apache-2.0']","['Amazon.com, Inc. or its affiliates', 'Stripe, Inc.']"
"github.com/aws/aws-sdk-go-v2/service/codedeploy","https://github.com/aws/aws-sdk-go-v2","['Apache-2.0']","['Amazon.com, Inc. or its affiliates', 'Stripe, Inc.']"
"github.com/aws/aws-sdk-go-v2/service/cognitoidentity","https://github.com/aws/aws-sdk-go-v2","['Apache-2.0']","['Amazon.com, Inc. or its affiliates', 'Stripe, Inc.']"
"github.com/aws/aws-sdk-go-v2/service/dynamodb","https://github.com/aws/aws-sdk-go-v2","['Apache-2.0']","['Amazon.com, Inc. or its affiliates', 'Stripe, Inc.']"
"github.com/aws/aws-sdk-go-v2/service/ec2","https://github.com/aws/aws-sdk-go-v2","['Apache-2.0']","['Amazon.com, Inc. or its affiliates', 'Stripe, Inc.']"
"github.com/aws/aws-sdk-go-v2/service/ecr","https://github.com/aws/aws-sdk-go-v2","['Apache-2.0']","['Amazon.com, Inc. or its affiliates', 'Stripe, Inc.']"
"github.com/aws/aws-sdk-go-v2/service/ecs","https://github.com/aws/aws-sdk-go-v2","['Apache-2.0']","['Amazon.com, Inc. or its affiliates', 'Stripe, Inc.']"
"github.com/aws/aws-sdk-go-v2/service/emr","https://github.com/aws/aws-sdk-go-v2","['Apache-2.0']","['Amazon.com, Inc. or its affiliates', 'Stripe, Inc.']"
"github.com/aws/aws-sdk-go-v2/service/emrserverless","https://github.com/aws/aws-sdk-go-v2","['Apache-2.0']","['Amazon.com, Inc. or its affiliates', 'Stripe, Inc.']"
"github.com/aws/aws-sdk-go-v2/service/gamelift","https://github.com/aws/aws-sdk-go-v2","['Apache-2.0']","['Amazon.com, Inc. or its affiliates', 'Stripe, Inc.']"
"github.com/aws/aws-sdk-go-v2/service/glue","https://github.com/aws/aws-sdk-go-v2","['Apache-2.0']","['Amazon.com, Inc. or its affiliates', 'Stripe, Inc.']"
"github.com/aws/aws-sdk-go-v2/service/iam","https://github.com/aws/aws-sdk-go-v2","['Apache-2.0']","['Amazon.com, Inc. or its affiliates', 'Stripe, Inc.']"
"github.com/aws/aws-sdk-go-v2/service/imagebuilder","https://github.com/aws/aws-sdk-go-v2","['Apache-2.0']","['Amazon.com, Inc. or its affiliates', 'Stripe, Inc.']"
"github.com/aws/aws-sdk-go-v2/service/internal/accept-encoding","https://github.com/aws/aws-sdk-go-v2","['Apache-2.0']","['Amazon.com, Inc. or its affiliates', 'Stripe, Inc.']"
"github.com/aws/aws-sdk-go-v2/service/internal/checksum","https://github.com/aws/aws-sdk-go-v2","['Apache-2.0']","['Amazon.com, Inc. or its affiliates', 'Stripe, Inc.']"
"github.com/aws/aws-sdk-go-v2/service/internal/endpoint-discovery","https://github.com/aws/aws-sdk-go-v2","['Apache-2.0']","['Amazon.com, Inc. or its affiliates', 'Stripe, Inc.']"
"github.com/aws/aws-sdk-go-v2/service/internal/presigned-url","https://github.com/aws/aws-sdk-go-v2","['Apache-2.0']","['Amazon.com, Inc. or its affiliates', 'Stripe, Inc.']"
"github.com/aws/aws-sdk-go-v2/service/internal/s3shared","https://github.com/aws/aws-sdk-go-v2","['Apache-2.0']","['Amazon.com, Inc. or its affiliates', 'Stripe, Inc.']"
"github.com/aws/aws-sdk-go-v2/service/kinesisanalyticsv2","https://github.com/aws/aws-sdk-go-v2","['Apache-2.0']","['Amazon.com, Inc. or its affiliates', 'Stripe, Inc.']"
"github.com/aws/aws-sdk-go-v2/service/lambda","https://github.com/aws/aws-sdk-go-v2","['Apache-2.0']","['Amazon.com, Inc. or its affiliates', 'Stripe, Inc.']"
"github.com/aws/aws-sdk-go-v2/service/omics","https://github.com/aws/aws-sdk-go-v2","['Apache-2.0']","['Amazon.com, Inc. or its affiliates', 'Stripe, Inc.']"
"github.com/aws/aws-sdk-go-v2/service/s3","https://github.com/aws/aws-sdk-go-v2","['Apache-2.0']","['Amazon.com, Inc. or its affiliates', 'Stripe, Inc.']"
"github.com/aws/aws-sdk-go-v2/service/secretsmanager","https://github.com/aws/aws-sdk-go-v2","['Apache-2.0']","['Amazon.com, Inc. or its affiliates', 'Stripe, Inc.']"
"github.com/aws/aws-sdk-go-v2/service/signin","https://github.com/aws/aws-sdk-go-v2","['Apache-2.0']","['Amazon.com, Inc. or its affiliates', 'Stripe, Inc.']"
"github.com/aws/aws-sdk-go-v2/service/ssm","https://github.com/aws/aws-sdk-go-v2","['Apache-2.0']","['Amazon.com, Inc. or its affiliates', 'Stripe, Inc.']"
"github.com/aws/aws-sdk-go-v2/service/sso","https://github.com/aws/aws-sdk-go-v2","['Apache-2.0']","['Amazon.com, Inc. or its affiliates', 'Stripe, Inc.']"
"github.com/aws/aws-sdk-go-v2/service/ssooidc","https://github.com/aws/aws-sdk-go-v2","['Apache-2.0']","['Amazon.com, Inc. or its affiliates', 'Stripe, Inc.']"
"github.com/aws/aws-sdk-go-v2/service/sts","https://github.com/aws/aws-sdk-go-v2","['Apache-2.0']","['Amazon.com, Inc. or its affiliates', 'Stripe, Inc.']"
"github.com/aws/smithy-go","https://github.com/aws/smithy-go","['Apache-2.0']","['Amazon.com, Inc. or its affiliates', 'The Go Authors']"
"github.com/aymanbagabas/go-osc52/v2","https://github.com/aymanbagabas/go-osc52","['MIT']","['Ayman Bagabas']"
"github.com/catppuccin/go","https://github.com/catppuccin/go","['MIT']","['Catppuccin', 'https://github.com/catppuccin']"
"github.com/charmbracelet/bubbles","https://github.com/charmbracelet/bubbles","['MIT']","['Charmbracelet, Inc']"
"github.com/charmbracelet/bubbletea","https://github.com/charmbracelet/bubbletea","['MIT']","['Charmbracelet, Inc']"
"github.com/charmbracelet/colorprofile","https://github.com/charmbracelet/colorprofile","['MIT']","['Charmbracelet, Inc']"
"github.com/charmbracelet/huh","https://github.com/charmbracelet/huh","['MIT']","['Charm']"
"github.com/charmbracelet/lipgloss","https://github.com/charmbracelet/lipgloss","['MIT']","['Charmbracelet, Inc']"
"github.com/charmbracelet/x/ansi","https://github.com/charmbracelet/x","['MIT']","['Charmbracelet, Inc.']"
"github.com/charmbracelet/x/cellbuf","https://github.com/charmbracelet/x","['MIT']","['Charmbracelet, Inc.']"
"github.com/charmbracelet/x/exp/strings","https://github.com/charmbracelet/x","['MIT']","['Charmbracelet, Inc.']"
"github.com/charmbracelet/x/term","https://github.com/charmbracelet/x","['MIT']","['Charmbracelet, Inc.']"
"github.com/chzyer/readline","https://github.com/chzyer/readline","['MIT']","['Chzyer', 'Sam Hocevar <sam@hocevar.net>', 'The Go Authors']"
"github.com/clipperhouse/displaywidth","https://github.com/clipperhouse/displaywidth","['MIT']","['Matt Sherman']"
"github.com/clipperhouse/uax29/v2","https://github.com/clipperhouse/uax29","['MIT']","['Couchbase, Inc.', 'Matt Sherman']"
"github.com/dominikbraun/graph","https://github.com/dominikbraun/graph","['Apache-2.0']","['dominikbraun']"
"github.com/dustin/go-humanize","https://github.com/dustin/go-humanize","['MIT']","['Dustin Sallings <dustin@spy.net>']"
"github.com/erikgeiser/coninput","https://github.com/erikgeiser/coninput","['MIT']","['Erik G.']"
"github.com/inconshreveable/mousetrap","https://github.com/inconshreveable/mousetrap","['Apache-2.0']","['Alan Shreve']"
"github.com/lucasb-eyer/go-colorful","https://github.com/lucasb-eyer/go-colorful","['MIT']","['Lucas Beyer']"
"github.com/mattn/go-isatty","https://github.com/mattn/go-isatty","['MIT']","['Yasuhiro MATSUMOTO']"
"github.com/mattn/go-localereader","https://github.com/mattn/go-localereader","['MIT']","['Yasuhiro Matsumoto']"
"github.com/mattn/go-runewidth","https://github.com/mattn/go-runewidth","['MIT']","['Yasuhiro Matsumoto']"
"github.com/mitchellh/hashstructure/v2","https://github.com/mitchellh/hashstructure","['MIT']","['Mitchell Hashimoto']"
"github.com/muesli/ansi","https://github.com/muesli/ansi","['MIT']","['Christian Muehlhaeuser']"
"github.com/muesli/cancelreader","https://github.com/muesli/cancelreader","['MIT']","['Erik Geiser and Christian Muehlhaeuser']"
"github.com/muesli/termenv","https://github.com/muesli/termenv","['MIT']","['Christian Muehlhaeuser']"
"github.com/rivo/uniseg","https://github.com/rivo/uniseg","['MIT']","['Oliver Kuederle']"
"github.com/spf13/cobra","https://github.com/spf13/cobra","['Apache-2.0']","['The Cobra Authors']"
"github.com/spf13/pflag","https://github.com/spf13/pflag","['BSD-3-Clause']","['Alex Ogier', 'The Go Authors']"
"github.com/xo/terminfo","https://github.com/xo/terminfo","['MIT']","['Anmol Sethi']"
"golang.org/x/sys","https://golang.org/x/sys","['BSD-3-Clause']","['The Go Authors']"
"golang.org/x/term","https://golang.org/x/term","['BSD-3-Clause']","['The Go Authors']"
"golang.org/x/text","https://golang.org/x/text","['BSD-3-Clause']","['The Go Authors']"
